5007	aIDQgBQo/ABYANBAHCgAADiAcIAACAAAoAAwAQAMAP+gADABAAwE/6AAMAEADAAAoAAwAQAMAACgADABAAwA/w==	0a548d853f05e03339b3ad77f1841024ae86c8007a6a251777e064669880a78b
5008	aIDQgBQo/ABYANBAHCgAADiAcIAACAAAoAAwAQAMAP+gADABAAwE/6AAMAEADAAAoAAwAQAMAACgADABAAwA/w==	0a548d853f05e03339b3ad77f1841024ae86c8007a6a251777e064669880a78b
5009	aIDQgBQo/ABYANBAHCgAADiAcIAACAAAoAAwAQAMAP+gADABAAwE/6AAMAEADAAAoAAwAQAMAACgADABAAwA/w==	0a548d853f05e03339b3ad77f1841024ae86c8007a6a251777e064669880a78b
5010	aIDQgBQo/QBYANBAHCgAADiAcIAACAAAoAAwAQAMAP+gADABAAwD/6AAMAEADAAAoAAwAQAMAACgADABAAwA/w==	0a548d853f05e03339b3ad77f1841024ae86c8007a6a251777e064669880a78b
5011	aIDQgBQo/gBYANBAHCgAADiAcIAACAAAoAAwAQAMAP+gADABAAwC/6AAMAEADAAAoAAwAQAMAACgADABAAwA/w==	0a548d853f05e03339b3ad77f1841024ae86c8007a6a251777e064669880a78b
5012	aIDQgBQo/wBYANBAHCgAADiAcIAACAAAoAAwAQAMAP+gADABAAwB/6AAMAEADAAAoAAwAQAMAACgADABAAwA/w==	0a548d853f05e03339b3ad77f1841024ae86c8007a6a251777e064669880a78b
5013	aIDQgBQoAAFYANBAHCgAADiAcIAACAAAoAAwAQAMAP+gADABAAwA/6AAMAEADAAAoAAwAQAMAACgADABAAwA/w==	0a548d853f05e03339b3ad77f1841024ae86c8007a6a251777e064669880a78b
5014	aIDQgBQoAAFYANBAHCgAADiAcIAACAAAoAAwAQAMAP+gADABAAwA/6AAMAEADAAAoAAwAQAMAACgADABAAwA/w==	0a548d853f05e03339b3ad77f1841024ae86c8007a6a251777e064669880a78b
5015	aIDQgBQoAAFYANBAHCgAADiAcIAACAAAoAAwAQAMAP+gADABAAwA/6AAMAEADAAAoAAwAQAMAACgADABAAwA/w==	0a548d853f05e03339b3ad77f1841024ae86c8007a6a251777e064669880a78b
5016	Z4DQgBQoAAFXANBAHCgAADiAcIAACAAAoAAwAQAMAP+gADABAAwA/6AAMAEADAAAoAAwAQAMAACgADABAAwA/w==	0a548d853f05e03339b3ad77f1841024ae86c8007a6a251777e064669880a78b
5017	ZoDQgBQoAAFWANBAHCgAADiAcIAACAAAoAAwAQAMAP+gADABAAwA/6AAMAEADAAAoAAwAQAMAACgADABAAwA/w==	0a548d853f05e03339b3ad77f1841024ae86c8007a6a251777e064669880a78b
5018	ZYDQgBQoAAFVANBAHCgAADiAcIAACAAAoAAwAQAMAP+gADABAAwA/6AAMAEADAAAoAAwAQAMAACgADABAAwA/w==	0a548d853f05e03339b3ad77f1841024ae86c8007a6a251777e064669880a78b
5019	ZIDQgBQoAAFUANBAHCgAADiAcIAACAAAoAAwAQAMAP+gADABAAwA/6AAMAEADAAAoAAwAQAMAACgADABAAwA/w==	0a548d853f05e03339b3ad77f1841024ae86c8007a6a251777e064669880a78b
5020	Y4DQgBQoAAFTANBAHCgAADiAcIAACAAAoAAwAQAMAP+gADABAAwA/6AAMAEADAAAoAAwAQAMAACgADABAAwA/w==	0a548d853f05e03339b3ad77f1841024ae86c8007a6a251777e064669880a78b
5021	YoDQgBQoAAFSANBAHCgAADiAcIAACAAAoAAwAQAMAP+gADABAAwA/6AAMAEADAAAoAAwAQAMAACgADABAAwA/w==	0a548d853f05e03339b3ad77f1841024ae86c8007a6a251777e064669880a78b
5022	YYDQgBQoAQFRANBAHCgAADiAcIAACAAAoAAwAQAMAP+gADABAAz//qAAMAEADAAAoAAwAQAMAACgADABAAwA/w==	0a548d853f05e03339b3ad77f1841024ae86c8007a6a251777e064669880a78b
5023	YIDQgBQoAgFQANBAHCgAADiAcIAACAAAoAAwAQAMAP+gADABAAz+/qAAMAEADAAAoAAwAQAMAACgADABAAwA/w==	0a548d853f05e03339b3ad77f1841024ae86c8007a6a251777e064669880a78b
5024	X4DQgBQoAwFPANBAHCgAADiAcIAACAAAoAAwAQAMAP+gADABAAz9/qAAMAEADAAAoAAwAQAMAACgADABAAwA/w==	0a548d853f05e03339b3ad77f1841024ae86c8007a6a251777e064669880a78b
5025	XoDQgBQoBAFOANBAHCgAADiAcIAACAAAoAAwAQAMAP+gADABAAz8/qAAMAEADAAAoAAwAQAMAACgADABAAwA/w==	0a548d853f05e03339b3ad77f1841024ae86c8007a6a251777e064669880a78b
5026	XYDQgBQoBAFNANBAHCgAADiAcIAACAAAoAAwAQAMAP+gADABAAz8/qAAMAEADAAAoAAwAQAMAACgADABAAwA/w==	0a548d853f05e03339b3ad77f1841024ae86c8007a6a251777e064669880a78b
5027	XIDQgBQoBAFMANBAHCgAADiAcIAACAAAoAAwAQAMAP+gADABAAz8/qAAMAEADAAAoAAwAQAMAACgADABAAwA/w==	0a548d853f05e03339b3ad77f1841024ae86c8007a6a251777e064669880a78b
5028	W4DQgBQoBAFLANBAHCgAADiAcIAACAAAoAAwAQAMAP+gADABAAz8/qAAMAEADAAAoAAwAQAMAACgADABAAwA/w==	0a548d853f05e03339b3ad77f1841024ae86c8007a6a251777e064669880a78b
5029	WoDQgBQoBAFKANBAHCgAADiAcIAACAAAoAAwAQAMAP+gADABAAz8/qAAMAEADAAAoAAwAQAMAACgADABAAwA/w==	0a548d853f05e03339b3ad77f1841024ae86c8007a6a251777e064669880a78b
5030	WYDQgBQoBAFJANBAHCgAADiAcIAACAAAoAAwAQAMAP+gADABAAz8/qAAMAEADAAAoAAwAQAMAACgADABAAwA/w==	0a548d853f05e03339b3ad77f1841024ae86c8007a6a251777e064669880a78b
5031	WIDQgBQoBAFIANBAHCgAADiAcIAACAAAoAAwAQAMAP+gADABAAz8/qAAMAEADAAAoAAwAQAMAACgADABAAwA/w==	0a548d853f05e03339b3ad77f1841024ae86c8007a6a251777e064669880a78b
5032	V4DQgBQoBAFHANBAHCgAADiAcIAACAAAoAAwAQAMAP+gADABAAz8/qAAMAEADAAAoAAwAQAMAACgADABAAwA/w==	0a548d853f05e03339b3ad77f1841024ae86c8007a6a251777e064669880a78b
5033	VoDQgBQoBAE4gHCAAAgAAEYA0EAcKAAAoAAwAQAMAP+gADABAAz8/qAAMAEADAAAoAAwAQAMAACgADABAAwA/w==	0a548d853f05e03339b3ad77f1841024ae86c8007a6a251777e064669880a78b
5034	VYDQgBQoAwE4gHCAAAgAAEUA0EAcKAAAoAAwAQAMAP+gADABAAz9/qAAMAEADAAAoAAwAQAMAACgADABAAwA/w==	0a548d853f05e03339b3ad77f1841024ae86c8007a6a251777e064669880a78b
5035	VIDQgBQoAgE4gHCAAAgAAEQA0EAcKAAAoAAwAQAMAP+gADABAAz+/qAAMAEADAAAoAAwAQAMAACgADABAAwA/w==	0a548d853f05e03339b3ad77f1841024ae86c8007a6a251777e064669880a78b
5036	U4DQgBQoAQE4gHCAAAgAAEMA0EAcKAAAoAAwAQAMAP+gADABAAz//qAAMAEADAAAoAAwAQAMAACgADABAAwA/w==	0a548d853f05e03339b3ad77f1841024ae86c8007a6a251777e064669880a78b
5037	UoDQgBQoAAE4gHCAAAgAAEIA0EAcKAAAoAAwAQAMAP+gADABAAwA/6AAMAEADAAAoAAwAQAMAACgADABAAwA/w==	af6245a724361061487c18f0241c75399dac29e5f2f0907dcc613ff9f67a99b4
5038	UYDQgBQoAAE4gHCAAAgAAEEA0EAcKAAAoAAwAQAMAP+gADABAAwA/6AAMAEADAAAoAAwAQAMAACgADABAAwA/w==	af6245a724361061487c18f0241c75399dac29e5f2f0907dcc613ff9f67a99b4
5039	UIDQgBQoAAE4gHCAAAgAAEAA0EAcKAAAoAAwAQAMAP+gADABAAwA/6AAMAEADAAAoAAwAQAMAACgADABAAwA/w==	af6245a724361061487c18f0241c75399dac29e5f2f0907dcc613ff9f67a99b4
5040	T4DQgBQoAAE4gHCAAAgAAD8A0VAcKAAAoAAwAQAMAP+gADABAAwA/6AAMAEADAAAoAAwAQAMAACgADABAAwA/w==	af6245a724361061487c18f0241c75399dac29e5f2f0907dcc613ff9f67a99b4
5041	ToDQgBQoAAE4gHCAAAgAAD4A0lAcKAAAoAAwAQAMAP+gADABAAwA/6AAMAEADAAAoAAwAQAMAACgADABAAwA/w==	af6245a724361061487c18f0241c75399dac29e5f2f0907dcc613ff9f67a99b4
5042	TYDQgBQoAAE4gHCAAAgAAD0A01AcKAAAoAAwAQAMAP+gADABAAwA/6AAMAEADAAAoAAwAQAMAACgADABAAwA/w==	af6245a724361061487c18f0241c75399dac29e5f2f0907dcc613ff9f67a99b4
5043	TIDQgBQoAAE4gHCAAAgAADwA1FAcKAAAoAAwAQAMAP+gADABAAwA/6AAMAEADAAAoAAwAQAMAACgADABAAwA/w==	af6245a724361061487c18f0241c75399dac29e5f2f0907dcc613ff9f67a99b4
5044	S4DQgBQoAAE4gHCAAAgAADsA1VAcKAAAoAAwAQAMAP+gADABAAwA/6AAMAEADAAAoAAwAQAMAACgADABAAwA/w==	af6245a724361061487c18f0241c75399dac29e5f2f0907dcc613ff9f67a99b4
5045	SoDQgBQoAAE4gHCAAAgAADoA1lAcKAAAoAAwAQAMAP+gADABAAwA/6AAMAEADAAAoAAwAQAMAACgADABAAwA/w==	af6245a724361061487c18f0241c75399dac29e5f2f0907dcc613ff9f67a99b4
5046	SYDQgBQo/wA4gHCAAAgAADkA11AcKAAAoAAwAQAMAP+gADABAAwB/6AAMAEADAAAoAAwAQAMAACgADABAAwA/w==	af6245a724361061487c18f0241c75399dac29e5f2f0907dcc613ff9f67a99b4
5047	SIDQgBQo/gA4gHCAAAgAADgA2FAcKAAAoAAwAQAMAP+gADABAAwC/6AAMAEADAAAoAAwAQAMAACgADABAAwA/w==	af6245a724361061487c18f0241c75399dac29e5f2f0907dcc613ff9f67a99b4
5048	R4DQgBQo/QA4gHCAAAgAADcA2VAcKAAAoAAwAQAMAP+gADABAAwD/6AAMAEADAAAoAAwAQAMAACgADABAAwA/w==	af6245a724361061487c18f0241c75399dac29e5f2f0907dcc613ff9f67a99b4
5049	RoDQgBQo/AA4gHCAAAgAADYA2lAcKAAAoAAwAQAMAP+gADABAAwE/6AAMAEADAAAoAAwAQAMAACgADABAAwA/w==	af6245a724361061487c18f0241c75399dac29e5f2f0907dcc613ff9f67a99b4
5050	RYDQgBQo/AA4gHCAAAgAADUA21AcKAAAoAAwAQAMAP+gADABAAwE/6AAMAEADAAAoAAwAQAMAACgADABAAwA/w==	af6245a724361061487c18f0241c75399dac29e5f2f0907dcc613ff9f67a99b4
5051	RIDQgBQo/AA4gHCAAAgAADQA3FAcKAAAoAAwAQAMAP+gADABAAwE/6AAMAEADAAAoAAwAQAMAACgADABAAwA/w==	af6245a724361061487c18f0241c75399dac29e5f2f0907dcc613ff9f67a99b4
5052	Q4DQgBQo/AA4gHCAAAgAADMA3VAcKAAAoAAwAQAMAP+gADABAAwE/6AAMAEADAAAoAAwAQAMAACgADABAAwA/w==	af6245a724361061487c18f0241c75399dac29e5f2f0907dcc613ff9f67a99b4
5053	QoDQgBQo/AA4gHCAAAgAADIA3lAcKAAAoAAwAQAMAP+gADABAAwE/6AAMAEADAAAoAAwAQAMAACgADABAAwA/w==	af6245a724361061487c18f0241c75399dac29e5f2f0907dcc613ff9f67a99b4
5054	QYDQgBQo/AA4gHCAAAgAADEA31AcKAAAoAAwAQAMAP+gADABAAwE/6AAMAEADAAAoAAwAQAMAACgADABAAwA/w==	af6245a724361061487c18f0241c75399dac29e5f2f0907dcc613ff9f67a99b4
5055	QIDQgBQo/AA4gHCAAAgAADAA4FAcKAAAoAAwAQAMAP+gADABAAwE/6AAMAEADAAAoAAwAQAMAACgADABAAwA/w==	af6245a724361061487c18f0241c75399dac29e5f2f0907dcc613ff9f67a99b4
5056	P4DQgBQo/AA4gHCAAAgAAC8A4FAcKAAAoAAwAQAMAP+gADABAAwE/6AAMAEADAAAoAAwAQAMAACgADABAAwA/w==	af6245a724361061487c18f0241c75399dac29e5f2f0907dcc613ff9f67a99b4
5057	PoDQgBQo/AA4gHCAAAgAAC4A4FAcKAAAoAAwAQAMAP+gADABAAwE/6AAMAEADAAAoAAwAQAMAACgADABAAwA/w==	af6245a724361061487c18f0241c75399dac29e5f2f0907dcc613ff9f67a99b4
5058	PYDQgBQo/QA4gHCAAAgAAC0A4FAcKAAAoAAwAQAMAP+gADABAAwD/6AAMAEADAAAoAAwAQAMAACgADABAAwA/w==	af6245a724361061487c18f0241c75399dac29e5f2f0907dcc613ff9f67a99b4
5059	PIDQgBQo/gA4gHCAAAgAACwA4FAcKAAAoAAwAQAMAP+gADABAAwC/6AAMAEADAAAoAAwAQAMAACgADABAAwA/w==	af6245a724361061487c18f0241c75399dac29e5f2f0907dcc613ff9f67a99b4
5060	O4DQgBQo/wA4gHCAAAgAACsA4FAcKAAAoAAwAQAMAP+gADABAAwB/6AAMAEADAAAoAAwAQAMAACgADABAAwA/w==	af6245a724361061487c18f0241c75399dac29e5f2f0907dcc613ff9f67a99b4
5061	OoDQgBQoAAE4gHCAAAgAACoA4FAcKAAAoAAwAQAMAP+gADABAAwA/6AAMAEADAAAoAAwAQAMAACgADABAAwA/w==	af6245a724361061487c18f0241c75399dac29e5f2f0907dcc613ff9f67a99b4
5062	OYDQgBQoAAE4gHCAAAgAACkA4FAcKAAAoAAwAQAMAP+gADABAAwA/6AAMAEADAAAoAAwAQAMAACgADABAAwA/w==	af6245a724361061487c18f0241c75399dac29e5f2f0907dcc613ff9f67a99b4
5063	OIDQgBQoAAE4gHCAAAgAACgA4FAcKAAAoAAwAQAMAP+gADABAAwA/6AAMAEADAAAoAAwAQAMAACgADABAAwA/w==	af6245a724361061487c18f0241c75399dac29e5f2f0907dcc613ff9f67a99b4
5064	OIBwgAAIAAE3gNCAFCgAACcA4FAcKAAAoAAwAQAMAP+gADABAAwA/6AAMAEADAAAoAAwAQAMAACgADABAAwA/w==	af6245a724361061487c18f0241c75399dac29e5f2f0907dcc613ff9f67a99b4
5065	ZgBwQBAEAAE4gHCAAAgAADaA0IAUKAAAJgDgUBwoAP+gADABAAwA/6AAMAEADAAAoAAwAQAMAACgADABAAwA/w==	0a548d853f05e03339b3ad77f1841024ae86c8007a6a251777e064669880a78b
5066	ZQBwQBAEAAE4gHCAAAgAADWA0IAUKAAAJQDgUBwoAP+gADABAAwA/6AAMAEADAAAoAAwAQAMAACgADABAAwA/w==	0a548d853f05e03339b3ad77f1841024ae86c8007a6a251777e064669880a78b
5067	ZABwQBAEAAE4gHCAAAgAADSA0IAUKAAAJADgUBwoAP+gADABAAwA/6AAMAEADAAAoAAwAQAMAACgADABAAwA/w==	0a548d853f05e03339b3ad77f1841024ae86c8007a6a251777e064669880a78b
5068	YwBwQBAEAAE4gHCAAAgAADOA0IAUKAAAIwDgUBwoAP+gADABAAwA/6AAMAEADAAAoAAwAQAMAACgADABAAwA/w==	0a548d853f05e03339b3ad77f1841024ae86c8007a6a251777e064669880a78b
5069	YgBwQBAEAAE4gHCAAAgAADKA0IAUKAAAIgDgUBwoAP+gADABAAwA/6AAMAEADAAAoAAwAQAMAACgADABAAwA/w==	0a548d853f05e03339b3ad77f1841024ae86c8007a6a251777e064669880a78b
5070	YQBwQBAEAQE4gHCAAAgAADGA0IAUKAAAIQDgUBwoAP+gADABAAz//qAAMAEADAAAoAAwAQAMAACgADABAAwA/w==	0a548d853f05e03339b3ad77f1841024ae86c8007a6a251777e064669880a78b
5071	YABwQBAEAgE4gHCAAAgAADCA0IAUKAAAIADgUBwoAP+gADABAAz+/qAAMAEADAAAoAAwAQAMAACgADABAAwA/w==	0a548d853f05e03339b3ad77f1841024ae86c8007a6a251777e064669880a78b
5072	XwBwQBAEAwE4gHCAAAgAAC+A0IAUKAAAHwDgUBwoAP+gADABAAz9/qAAMAEADAAAoAAwAQAMAACgADABAAwA/w==	0a548d853f05e03339b3ad77f1841024ae86c8007a6a251777e064669880a78b
5073	XgBwQBAEBAE4gHCAAAgAAC6A0IAUKAAAHgDgUBwoAP+gADABAAz8/qAAMAEADAAAoAAwAQAMAACgADABAAwA/w==	0a548d853f05e03339b3ad77f1841024ae86c8007a6a251777e064669880a78b
5074	XQBwQBAEBAE4gHCAAAgAAC2A0IAUKAAAHQDgUBwoAP+gADABAAz8/qAAMAEADAAAoAAwAQAMAACgADABAAwA/w==	0a548d853f05e03339b3ad77f1841024ae86c8007a6a251777e064669880a78b
5075	XABwQBAEBAE4gHCAAAgAACyA0IAUKAAAHADgUBwoAP+gADABAAz8/qAAMAEADAAAoAAwAQAMAACgADABAAwA/w==	0a548d853f05e03339b3ad77f1841024ae86c8007a6a251777e064669880a78b
5076	WwBwQBAEBAE4gHCAAAgAACuA0IAUKAAAGwDgUBwoAP+gADABAAz8/qAAMAEADAAAoAAwAQAMAACgADABAAwA/w==	0a548d853f05e03339b3ad77f1841024ae86c8007a6a251777e064669880a78b
5077	WgBwQBAEBAE4gHCAAAgAACqA0IAUKAAAGgDgUBwoAP+gADABAAz8/qAAMAEADAAAoAAwAQAMAACgADABAAwA/w==	0a548d853f05e03339b3ad77f1841024ae86c8007a6a251777e064669880a78b
5078	WQBwQBAEBAE4gHCAAAgAACmA0IAUKAAAGQDgUBwoAP+gADABAAz8/qAAMAEADAAAoAAwAQAMAACgADABAAwA/w==	0a548d853f05e03339b3ad77f1841024ae86c8007a6a251777e064669880a78b
5079	WABwQBAEBAE4gHCAAAgAACiA0IAUKAAAGADgUBwoAP+gADABAAz8/qAAMAEADAAAoAAwAQAMAACgADABAAwA/w==	0a548d853f05e03339b3ad77f1841024ae86c8007a6a251777e064669880a78b
5080	WABwQBAEBAE4gHCAAAgAACiA0IAUKAAAGADgUBwoAP+gADABAAz8/qAAMAEADAAAoAAwAQAMAACgADABAAwA/w==	0a548d853f05e03339b3ad77f1841024ae86c8007a6a251777e064669880a78b
5081	WABwQBAEBAE4gHCAAAgAACiA0IAUKAAAGADgUBwoAP+gADABAAz8/qAAMAEADAAAoAAwAQAMAACgADABAAwA/w==	0a548d853f05e03339b3ad77f1841024ae86c8007a6a251777e064669880a78b
5082	WABwQBAEAwE4gHCAAAgAACiA0IAUKAAAGADgUBwoAP+gADABAAz9/qAAMAEADAAAoAAwAQAMAACgADABAAwA/w==	0a548d853f05e03339b3ad77f1841024ae86c8007a6a251777e064669880a78b
5083	WABwQBAEAgE4gHCAAAgAACiA0IAUKAAAGADgUBwoAP+gADABAAz+/qAAMAEADAAAoAAwAQAMAACgADABAAwA/w==	0a548d853f05e03339b3ad77f1841024ae86c8007a6a251777e064669880a78b
5084	WABwQBAEAQE4gHCAAAgAACiA0IAUKAAAGADgUBwoAP+gADABAAz//qAAMAEADAAAoAAwAQAMAACgADABAAwA/w==	0a548d853f05e03339b3ad77f1841024ae86c8007a6a251777e064669880a78b
5085	WABwQBAEAAE4gHCAAAgAACiA0IAUKAAAGADgUBwoAP+gADABAAwA/6AAMAEADAAAoAAwAQAMAACgADABAAwA/w==	0a548d853f05e03339b3ad77f1841024ae86c8007a6a251777e064669880a78b
5086	WABwQBAEAAE4gHCAAAgAACiA0IAUKAAAGADgUBwoAP+gADABAAwA/6AAMAEADAAAoAAwAQAMAACgADABAAwA/w==	0a548d853f05e03339b3ad77f1841024ae86c8007a6a251777e064669880a78b
5087	WABwQBAEAAE4gHCAAAgAACiA0IAUKAAAGADgUBwoAP+gADABAAwA/6AAMAEADAAAoAAwAQAMAACgADABAAwA/w==	0a548d853f05e03339b3ad77f1841024ae86c8007a6a251777e064669880a78b
5088	WABwQBAEAAE4gHCAAAgAACiA0IAUKAAAGADgUBwoAP+gADABAAwA/6AAMAEADAAAoAAwAQAMAACgADABAAwA/w==	0a548d853f05e03339b3ad77f1841024ae86c8007a6a251777e064669880a78b
5089	WABwQBAEAAE4gHCAAAgAACiA0IAUKAAAGADgUBwoAP+gADABAAwA/6AAMAEADAAAoAAwAQAMAACgADABAAwA/w==	0a548d853f05e03339b3ad77f1841024ae86c8007a6a251777e064669880a78b
5090	WABwQBAEAAE4gHCAAAgAACiA0IAUKAAAGADgUBwoAP+gADABAAwA/6AAMAEADAAAoAAwAQAMAACgADABAAwA/w==	0a548d853f05e03339b3ad77f1841024ae86c8007a6a251777e064669880a78b
5091	WABwQBAEAAE4gHCAAAgAACiA0IAUKAAAGADgUBwoAP+gADABAAwA/6AAMAEADAAAoAAwAQAMAACgADABAAwA/w==	0a548d853f05e03339b3ad77f1841024ae86c8007a6a251777e064669880a78b
5092	WABwQBAEAAE4gHCAAAgAACiA0IAUKAAAGADgUBwoAP+gADABAAwA/6AAMAEADAAAoAAwAQAMAACgADABAAwA/w==	0a548d853f05e03339b3ad77f1841024ae86c8007a6a251777e064669880a78b
5093	WABwQBAEAAE4gHCAAAgAACiA0IAUKAAAGADgUBwoAP+gADABAAwA/6AAMAEADAAAoAAwAQAMAACgADABAAwA/w==	0a548d853f05e03339b3ad77f1841024ae86c8007a6a251777e064669880a78b
5094	WABwQBAE/wA4gHCAAAgAACiA0IAUKAAAGADgUBwoAP+gADABAAwB/6AAMAEADAAAoAAwAQAMAACgADABAAwA/w==	0a548d853f05e03339b3ad77f1841024ae86c8007a6a251777e064669880a78b
5095	WABwQBAE/gA4gHCAAAgAACiA0IAUKAAAGADgUBwoAP+gADABAAwC/6AAMAEADAAAoAAwAQAMAACgADABAAwA/w==	0a548d853f05e03339b3ad77f1841024ae86c8007a6a251777e064669880a78b
5096	WABwQBAE/QA4gHCAAAgAACiA0IAUKAAAGADgUBwoAP+gADABAAwD/6AAMAEADAAAoAAwAQAMAACgADABAAwA/w==	0a548d853f05e03339b3ad77f1841024ae86c8007a6a251777e064669880a78b
